{"levels": [{"objects": [{"type": "block", "pos": [845, 620], "block": "metal", "angle": 0}, {"type": "block", "pos": [885, 560], "block": "metal", "angle": 90}, {"type": "block", "pos": [925, 620], "block": "metal", "angle": 0}, {"type": "block", "pos": [845, 500], "block": "metal", "angle": 0}, {"type": "block", "pos": [925, 500], "block": "metal", "angle": 0}, {"type": "block", "pos": [885, 440], "block": "metal", "angle": 90}, {"type": "block", "pos": [860, 405], "block": "metal-tri", "angle": 0}, {"type": "block", "pos": [910, 405], "block": "metal-tri", "angle": 270}, {"type": "enemy", "pos": [885, 525], "enemy": "base", "angle": 0}], "birds": ["red", "red"], "extraScore": 0}, {"objects": [{"type": "block", "pos": [880, 660], "block": "metal", "angle": 90}, {"type": "block", "pos": [980, 660], "block": "metal", "angle": 90}, {"type": "block", "pos": [930, 600], "block": "metal", "angle": 0}, {"type": "block", "pos": [840, 600], "block": "metal", "angle": 0}, {"type": "block", "pos": [880, 540], "block": "metal", "angle": 90}, {"type": "block", "pos": [980, 540], "block": "metal", "angle": 90}, {"type": "block", "pos": [1020, 600], "block": "metal", "angle": 0}, {"type": "block", "pos": [805, 645], "block": "metal-square", "angle": 0}, {"type": "block", "pos": [805, 595], "block": "metal-square", "angle": 0}, {"type": "block", "pos": [755, 645], "block": "metal-tri", "angle": 0}, {"type": "enemy", "pos": [885, 630], "enemy": "base", "angle": 0}, {"type": "enemy", "pos": [975, 630], "enemy": "base", "angle": 0}, {"type": "block", "pos": [930, 505], "block": "metal-square", "angle": 0}], "birds": ["red", "red", "red"], "extraScore": 0}, {"objects": [{"type": "block", "pos": [830, 620], "block": "metal", "angle": 0}, {"type": "block", "pos": [870, 560], "block": "metal", "angle": 270}, {"type": "block", "pos": [920, 620], "block": "metal", "angle": 180}, {"type": "block", "pos": [970, 560], "block": "metal", "angle": 270}, {"type": "block", "pos": [1010, 620], "block": "metal", "angle": 180}, {"type": "block", "pos": [880, 500], "block": "metal", "angle": 180}, {"type": "block", "pos": [920, 440], "block": "metal", "angle": 270}, {"type": "block", "pos": [960, 500], "block": "metal", "angle": 180}, {"type": "block", "pos": [795, 645], "block": "metal-tri", "angle": 0}, {"type": "block", "pos": [845, 525], "block": "metal-tri", "angle": 0}, {"type": "block", "pos": [895, 405], "block": "metal-tri", "angle": 0}, {"type": "block", "pos": [945, 405], "block": "metal-tri", "angle": 270}, {"type": "enemy", "pos": [925, 530], "enemy": "base", "angle": 0}, {"type": "enemy", "pos": [970, 650], "enemy": "base", "angle": 0}, {"type": "enemy", "pos": [875, 650], "enemy": "base", "angle": 0}, {"type": "block", "pos": [755, 620], "block": "metal", "angle": 0}, {"type": "block", "pos": [755, 520], "block": "metal", "angle": 0}], "birds": ["red", "red", "red", "red"], "extraScore": 0}, {"objects": [{"type": "block", "pos": [655, 645], "block": "metal-square", "angle": 0}, {"type": "block", "pos": [655, 595], "block": "metal-square", "angle": 0}, {"type": "block", "pos": [655, 545], "block": "metal-square", "angle": 0}, {"type": "block", "pos": [655, 495], "block": "metal-square", "angle": 0}, {"type": "block", "pos": [655, 445], "block": "metal-square", "angle": 0}, {"type": "block", "pos": [655, 395], "block": "metal-square", "angle": 0}, {"type": "block", "pos": [705, 395], "block": "metal-square", "angle": 0}, {"type": "block", "pos": [705, 445], "block": "metal-square", "angle": 0}, {"type": "block", "pos": [705, 495], "block": "metal-square", "angle": 0}, {"type": "block", "pos": [705, 545], "block": "metal-square", "angle": 0}, {"type": "block", "pos": [705, 595], "block": "metal-square", "angle": 0}, {"type": "block", "pos": [705, 645], "block": "tnt", "angle": 0}, {"type": "enemy", "pos": [760, 650], "enemy": "base", "angle": 0}, {"type": "block", "pos": [605, 645], "block": "metal-square", "angle": 0}, {"type": "block", "pos": [605, 595], "block": "metal-square", "angle": 0}, {"type": "block", "pos": [605, 545], "block": "metal-square", "angle": 0}], "birds": ["cyan"], "extraScore": 700}, {"objects": [{"type": "block", "pos": [760, 645], "block": "metal-square", "angle": 0}, {"type": "block", "pos": [760, 595], "block": "metal-square", "angle": 0}, {"type": "block", "pos": [760, 545], "block": "wall", "angle": 0}, {"type": "block", "pos": [810, 545], "block": "wall", "angle": 0}, {"type": "block", "pos": [860, 545], "block": "wall", "angle": 0}, {"type": "block", "pos": [910, 545], "block": "wall", "angle": 0}, {"type": "block", "pos": [960, 545], "block": "wall", "angle": 0}, {"type": "enemy", "pos": [860, 500], "enemy": "base", "angle": 0}, {"type": "enemy", "pos": [860, 650], "enemy": "base", "angle": 0}, {"type": "enemy", "pos": [915, 650], "enemy": "base", "angle": 0}, {"type": "block", "pos": [710, 645], "block": "metal-square", "angle": 0}, {"type": "block", "pos": [710, 595], "block": "metal-square", "angle": 0}, {"type": "block", "pos": [710, 545], "block": "metal-square", "angle": 0}, {"type": "block", "pos": [660, 645], "block": "metal-square", "angle": 0}, {"type": "block", "pos": [660, 595], "block": "metal-square", "angle": 0}], "birds": ["cyan", "red"], "extraScore": 600}, {"objects": [{"type": "block", "pos": [850, 645], "block": "glass-square", "angle": 0}, {"type": "block", "pos": [850, 595], "block": "metal-square", "angle": 0}, {"type": "block", "pos": [850, 545], "block": "glass-square", "angle": 0}, {"type": "block", "pos": [850, 495], "block": "metal-square", "angle": 0}, {"type": "block", "pos": [850, 460], "block": "glass", "angle": 270}, {"type": "block", "pos": [810, 400], "block": "glass", "angle": 180}, {"type": "block", "pos": [890, 400], "block": "glass", "angle": 180}, {"type": "block", "pos": [850, 340], "block": "glass", "angle": 270}, {"type": "block", "pos": [1020, 645], "block": "metal-square", "angle": 0}, {"type": "block", "pos": [1020, 545], "block": "metal-square", "angle": 0}, {"type": "block", "pos": [1020, 595], "block": "glass-square", "angle": 270}, {"type": "block", "pos": [1020, 495], "block": "glass-square", "angle": 270}, {"type": "block", "pos": [1020, 460], "block": "metal", "angle": 270}, {"type": "block", "pos": [980, 400], "block": "metal", "angle": 180}, {"type": "block", "pos": [1060, 400], "block": "metal", "angle": 180}, {"type": "block", "pos": [1020, 340], "block": "metal", "angle": 90}, {"type": "enemy", "pos": [850, 425], "enemy": "base", "angle": 0}, {"type": "enemy", "pos": [1020, 425], "enemy": "base", "angle": 0}], "birds": ["red", "red", "cyan"], "extraScore": 300}, {"objects": [{"type": "block", "pos": [865, 620], "block": "metal", "angle": 0}, {"type": "block", "pos": [885, 620], "block": "metal", "angle": 0}, {"type": "block", "pos": [925, 560], "block": "metal", "angle": 270}, {"type": "block", "pos": [965, 620], "block": "metal", "angle": 180}, {"type": "block", "pos": [985, 620], "block": "metal", "angle": 180}, {"type": "block", "pos": [985, 520], "block": "metal", "angle": 180}, {"type": "block", "pos": [865, 520], "block": "metal", "angle": 180}, {"type": "block", "pos": [965, 500], "block": "metal", "angle": 0}, {"type": "block", "pos": [885, 500], "block": "metal", "angle": 0}, {"type": "block", "pos": [830, 645], "block": "glass-square", "angle": 0}, {"type": "block", "pos": [830, 595], "block": "glass-square", "angle": 0}, {"type": "block", "pos": [830, 545], "block": "glass-square", "angle": 0}, {"type": "block", "pos": [830, 495], "block": "glass-square", "angle": 0}, {"type": "block", "pos": [1020, 495], "block": "glass-square", "angle": 0}, {"type": "block", "pos": [1020, 545], "block": "glass-square", "angle": 0}, {"type": "block", "pos": [1020, 595], "block": "glass-square", "angle": 0}, {"type": "block", "pos": [1020, 645], "block": "glass-square", "angle": 0}, {"type": "block", "pos": [850, 445], "block": "glass-tri", "angle": 0}, {"type": "block", "pos": [1000, 445], "block": "glass-tri", "angle": 270}, {"type": "block", "pos": [795, 620], "block": "glass", "angle": 180}, {"type": "block", "pos": [775, 620], "block": "glass", "angle": 180}, {"type": "block", "pos": [795, 520], "block": "glass", "angle": 180}, {"type": "block", "pos": [1055, 620], "block": "glass", "angle": 180}, {"type": "block", "pos": [1055, 520], "block": "glass", "angle": 180}, {"type": "block", "pos": [1075, 620], "block": "glass", "angle": 180}, {"type": "enemy", "pos": [925, 530], "enemy": "base", "angle": 0}, {"type": "enemy", "pos": [925, 650], "enemy": "base", "angle": 0}, {"type": "block", "pos": [925, 440], "block": "glass", "angle": 90}, {"type": "block", "pos": [925, 420], "block": "glass", "angle": 270}, {"type": "block", "pos": [925, 410], "block": "glass-tri", "angle": 135}], "birds": ["red", "red", "cyan"], "extraScore": 500}, {"objects": [{"type": "block", "pos": [1020, 510], "block": "wall", "angle": 0}, {"type": "block", "pos": [1020, 350], "block": "wall", "angle": 0}, {"type": "enemy", "pos": [1020, 300], "enemy": "base", "angle": 0}, {"type": "enemy", "pos": [1020, 460], "enemy": "base", "angle": 0}, {"type": "enemy", "pos": [1020, 645], "enemy": "base", "angle": 0}], "birds": ["blue", "red"], "extraScore": 0}, {"objects": [{"type": "block", "pos": [885, 645], "block": "glass-square", "angle": 0}, {"type": "block", "pos": [885, 545], "block": "metal-square", "angle": 0}, {"type": "block", "pos": [885, 495], "block": "metal-square", "angle": 0}, {"type": "block", "pos": [885, 445], "block": "metal-square", "angle": 0}, {"type": "enemy", "pos": [885, 395], "enemy": "base", "angle": 0}, {"type": "block", "pos": [935, 645], "block": "metal-square", "angle": 0}, {"type": "block", "pos": [935, 595], "block": "metal-square", "angle": 0}, {"type": "block", "pos": [935, 545], "block": "metal-square", "angle": 0}, {"type": "block", "pos": [935, 495], "block": "metal-square", "angle": 0}, {"type": "block", "pos": [935, 445], "block": "metal-square", "angle": 0}, {"type": "block", "pos": [935, 395], "block": "metal-tri", "angle": 270}, {"type": "block", "pos": [1090, 395], "block": "glass-square", "angle": 270}, {"type": "enemy", "pos": [1140, 240], "enemy": "base", "angle": 0}, {"type": "block", "pos": [1090, 245], "block": "glass-tri", "angle": 0}, {"type": "block", "pos": [1140, 295], "block": "metal-square", "angle": 0}, {"type": "block", "pos": [1140, 345], "block": "metal-square", "angle": 0}, {"type": "block", "pos": [1140, 445], "block": "metal-square", "angle": 0}, {"type": "block", "pos": [1140, 495], "block": "metal-square", "angle": 0}, {"type": "block", "pos": [1140, 545], "block": "metal-square", "angle": 0}, {"type": "block", "pos": [1140, 595], "block": "metal-square", "angle": 0}, {"type": "block", "pos": [1140, 645], "block": "metal-square", "angle": 0}, {"type": "block", "pos": [1090, 645], "block": "metal-square", "angle": 0}, {"type": "block", "pos": [1090, 595], "block": "metal-square", "angle": 0}, {"type": "block", "pos": [1090, 545], "block": "metal-square", "angle": 0}, {"type": "block", "pos": [1090, 495], "block": "metal-square", "angle": 0}, {"type": "block", "pos": [1090, 445], "block": "metal-square", "angle": 0}, {"type": "block", "pos": [1090, 345], "block": "metal-square", "angle": 0}, {"type": "block", "pos": [1090, 295], "block": "metal-square", "angle": 0}, {"type": "block", "pos": [985, 450], "block": "wall", "angle": 0}, {"type": "block", "pos": [985, 645], "block": "wall", "angle": 0}, {"type": "block", "pos": [985, 545], "block": "wall", "angle": 0}, {"type": "block", "pos": [885, 595], "block": "glass-square", "angle": 0}, {"type": "block", "pos": [1190, 245], "block": "wall", "angle": 0}, {"type": "block", "pos": [1140, 395], "block": "glass-square", "angle": 0}], "birds": ["blue", "red", "red"], "extraScore": 800}, {"objects": [{"type": "block", "pos": [870, 620], "block": "glass", "angle": 0}, {"type": "block", "pos": [910, 560], "block": "glass", "angle": 90}, {"type": "block", "pos": [960, 620], "block": "glass", "angle": 0}, {"type": "block", "pos": [1010, 560], "block": "glass", "angle": 90}, {"type": "block", "pos": [1050, 620], "block": "glass", "angle": 0}, {"type": "block", "pos": [960, 440], "block": "glass", "angle": 90}, {"type": "block", "pos": [920, 500], "block": "glass", "angle": 0}, {"type": "block", "pos": [1000, 500], "block": "glass", "angle": 0}, {"type": "block", "pos": [885, 525], "block": "platinum-tri", "angle": 0}, {"type": "block", "pos": [1035, 525], "block": "platinum-tri", "angle": 270}, {"type": "block", "pos": [850, 500], "block": "platinum", "angle": 180}, {"type": "block", "pos": [1070, 500], "block": "platinum", "angle": 180}, {"type": "block", "pos": [1110, 560], "block": "platinum", "angle": 270}, {"type": "block", "pos": [810, 560], "block": "platinum", "angle": 270}, {"type": "block", "pos": [815, 525], "block": "platinum-tri", "angle": 0}, {"type": "block", "pos": [1105, 525], "block": "platinum-tri", "angle": 270}, {"type": "block", "pos": [860, 440], "block": "platinum", "angle": 270}, {"type": "block", "pos": [1010, 420], "block": "platinum", "angle": 270}, {"type": "block", "pos": [910, 420], "block": "platinum", "angle": 270}, {"type": "block", "pos": [1060, 440], "block": "platinum", "angle": 270}, {"type": "enemy", "pos": [960, 530], "enemy": "base", "angle": 0}, {"type": "enemy", "pos": [910, 650], "enemy": "base", "angle": 0}, {"type": "enemy", "pos": [1005, 650], "enemy": "base", "angle": 0}, {"type": "block", "pos": [825, 620], "block": "platinum", "angle": 0}, {"type": "block", "pos": [1090, 620], "block": "platinum", "angle": 0}], "birds": ["cyan", "cyan", "red", "red"], "extraScore": 1200}, {"objects": [{"type": "block", "pos": [895, 645], "block": "tnt", "angle": 0}, {"type": "block", "pos": [945, 645], "block": "platinum-square", "angle": 0}, {"type": "block", "pos": [945, 595], "block": "platinum-square", "angle": 0}, {"type": "block", "pos": [845, 545], "block": "platinum-square", "angle": 0}, {"type": "block", "pos": [945, 545], "block": "platinum-square", "angle": 0}, {"type": "block", "pos": [845, 495], "block": "platinum-square", "angle": 0}, {"type": "block", "pos": [945, 495], "block": "platinum-square", "angle": 0}, {"type": "block", "pos": [845, 445], "block": "platinum-square", "angle": 0}, {"type": "block", "pos": [945, 445], "block": "platinum-square", "angle": 0}, {"type": "block", "pos": [895, 410], "block": "platinum", "angle": 270}, {"type": "block", "pos": [895, 390], "block": "platinum", "angle": 270}, {"type": "block", "pos": [895, 370], "block": "platinum", "angle": 270}, {"type": "block", "pos": [835, 370], "block": "platinum", "angle": 180}, {"type": "block", "pos": [955, 370], "block": "platinum", "angle": 180}, {"type": "block", "pos": [855, 310], "block": "platinum", "angle": 180}, {"type": "block", "pos": [835, 270], "block": "platinum", "angle": 180}, {"type": "block", "pos": [935, 310], "block": "platinum", "angle": 180}, {"type": "block", "pos": [955, 270], "block": "platinum", "angle": 180}, {"type": "enemy", "pos": [895, 340], "enemy": "base", "angle": 0}, {"type": "block", "pos": [995, 645], "block": "platinum-tri", "angle": 270}, {"type": "block", "pos": [845, 645], "block": "glass-square", "angle": 0}, {"type": "block", "pos": [845, 595], "block": "platinum-square", "angle": 0}, {"type": "block", "pos": [795, 645], "block": "platinum-tri", "angle": 0}, {"type": "block", "pos": [1160, 645], "block": "wall", "angle": 0}, {"type": "block", "pos": [1160, 595], "block": "wall", "angle": 0}, {"type": "block", "pos": [1160, 545], "block": "triWall", "angle": 270}, {"type": "block", "pos": [1210, 595], "block": "triWall", "angle": 180}, {"type": "block", "pos": [770, 545], "block": "wall", "angle": 0}, {"type": "block", "pos": [770, 495], "block": "wall", "angle": 0}, {"type": "block", "pos": [770, 445], "block": "wall", "angle": 0}, {"type": "block", "pos": [1020, 445], "block": "wall", "angle": 0}, {"type": "block", "pos": [1020, 495], "block": "wall", "angle": 0}, {"type": "block", "pos": [1020, 545], "block": "wall", "angle": 0}, {"type": "block", "pos": [1175, 489], "block": "glass", "angle": 315}, {"type": "block", "pos": [1249, 503], "block": "glass", "angle": 225}, {"type": "block", "pos": [1290, 565], "block": "triWall", "angle": 225}, {"type": "block", "pos": [1255, 600], "block": "triWall", "angle": 45}, {"type": "block", "pos": [1290, 635], "block": "triWall", "angle": 225}, {"type": "block", "pos": [1255, 670], "block": "triWall", "angle": 135}, {"type": "block", "pos": [895, 250], "block": "platinum", "angle": 270}, {"type": "block", "pos": [895, 230], "block": "platinum", "angle": 270}, {"type": "block", "pos": [895, 210], "block": "platinum", "angle": 270}, {"type": "block", "pos": [895, 595], "block": "platinum-square", "angle": 0}, {"type": "enemy", "pos": [895, 550], "enemy": "base", "angle": 0}, {"type": "block", "pos": [895, 195], "block": "platinum-tri", "angle": 135}, {"type": "enemy", "pos": [1205, 545], "enemy": "armored", "angle": 0}], "birds": ["blue", "red", "cyan", "red"], "extraScore": 3000}, {"objects": [{"type": "block", "pos": [945, 645], "block": "wall", "angle": 0}, {"type": "block", "pos": [945, 595], "block": "wall", "angle": 0}, {"type": "block", "pos": [945, 545], "block": "wall", "angle": 0}, {"type": "block", "pos": [945, 445], "block": "wall", "angle": 0}, {"type": "block", "pos": [945, 395], "block": "wall", "angle": 0}, {"type": "block", "pos": [945, 345], "block": "wall", "angle": 0}, {"type": "block", "pos": [945, 295], "block": "wall", "angle": 0}, {"type": "block", "pos": [945, 245], "block": "triWall", "angle": 0}, {"type": "block", "pos": [980, 620], "block": "platinum", "angle": 180}, {"type": "block", "pos": [995, 545], "block": "platinum-square", "angle": 270}, {"type": "block", "pos": [1045, 545], "block": "platinum-square", "angle": 270}, {"type": "block", "pos": [1095, 545], "block": "platinum-square", "angle": 270}, {"type": "block", "pos": [1145, 545], "block": "platinum-square", "angle": 270}, {"type": "block", "pos": [1145, 495], "block": "platinum-square", "angle": 270}, {"type": "block", "pos": [1020, 620], "block": "platinum", "angle": 180}, {"type": "block", "pos": [1070, 620], "block": "platinum", "angle": 180}, {"type": "block", "pos": [1120, 620], "block": "platinum", "angle": 180}, {"type": "block", "pos": [1160, 620], "block": "platinum", "angle": 180}, {"type": "block", "pos": [1095, 495], "block": "platinum-square", "angle": 90}, {"type": "block", "pos": [1070, 460], "block": "platinum", "angle": 90}, {"type": "block", "pos": [1020, 440], "block": "platinum", "angle": 90}, {"type": "block", "pos": [1120, 440], "block": "platinum", "angle": 90}, {"type": "block", "pos": [995, 405], "block": "glass-square", "angle": 90}, {"type": "block", "pos": [1045, 405], "block": "glass-square", "angle": 90}, {"type": "block", "pos": [1095, 405], "block": "glass-square", "angle": 90}, {"type": "block", "pos": [1145, 405], "block": "glass-square", "angle": 90}, {"type": "block", "pos": [1020, 370], "block": "platinum", "angle": 90}, {"type": "block", "pos": [1120, 370], "block": "platinum", "angle": 90}, {"type": "block", "pos": [895, 445], "block": "wall", "angle": 90}, {"type": "block", "pos": [895, 545], "block": "wall", "angle": 90}, {"type": "enemy", "pos": [995, 340], "enemy": "base", "angle": 0}, {"type": "enemy", "pos": [1145, 340], "enemy": "base", "angle": 0}, {"type": "block", "pos": [1170, 460], "block": "platinum", "angle": 270}, {"type": "enemy", "pos": [1195, 430], "enemy": "base", "angle": 0}, {"type": "block", "pos": [1195, 495], "block": "wall", "angle": 0}, {"type": "enemy", "pos": [1070, 335], "enemy": "armored", "angle": 0}], "birds": ["yellow", "red"], "extraScore": 2500}, {"objects": [{"type": "block", "pos": [870, 645], "block": "platinum-square", "angle": 0}, {"type": "block", "pos": [920, 595], "block": "platinum-square", "angle": 0}, {"type": "block", "pos": [970, 645], "block": "platinum-square", "angle": 0}, {"type": "block", "pos": [1070, 645], "block": "platinum-square", "angle": 0}, {"type": "block", "pos": [1170, 645], "block": "platinum-square", "angle": 0}, {"type": "block", "pos": [970, 595], "block": "glass-square", "angle": 0}, {"type": "block", "pos": [920, 645], "block": "glass-square", "angle": 0}, {"type": "block", "pos": [870, 595], "block": "glass-tri", "angle": 0}, {"type": "block", "pos": [945, 560], "block": "platinum", "angle": 270}, {"type": "block", "pos": [1120, 595], "block": "platinum-square", "angle": 270}, {"type": "block", "pos": [1170, 595], "block": "glass-tri", "angle": 270}, {"type": "block", "pos": [1070, 595], "block": "glass-square", "angle": 270}, {"type": "block", "pos": [1095, 560], "block": "platinum", "angle": 270}, {"type": "block", "pos": [905, 500], "block": "platinum", "angle": 180}, {"type": "block", "pos": [925, 500], "block": "platinum", "angle": 180}, {"type": "block", "pos": [1135, 500], "block": "platinum", "angle": 180}, {"type": "block", "pos": [1115, 500], "block": "platinum", "angle": 0}, {"type": "block", "pos": [920, 420], "block": "platinum", "angle": 90}, {"type": "block", "pos": [870, 455], "block": "wall", "angle": 90}, {"type": "block", "pos": [820, 420], "block": "platinum", "angle": 90}, {"type": "block", "pos": [820, 400], "block": "platinum", "angle": 90}, {"type": "block", "pos": [870, 365], "block": "wall", "angle": 90}, {"type": "block", "pos": [920, 400], "block": "platinum", "angle": 90}, {"type": "block", "pos": [1095, 440], "block": "platinum", "angle": 270}, {"type": "block", "pos": [1095, 405], "block": "platinum-tri", "angle": 270}, {"type": "block", "pos": [1045, 365], "block": "platinum-square", "angle": 270}, {"type": "block", "pos": [995, 365], "block": "glass-square", "angle": 270}, {"type": "enemy", "pos": [965, 530], "enemy": "base", "angle": 0}, {"type": "enemy", "pos": [1240, 650], "enemy": "base", "angle": 0}, {"type": "block", "pos": [1020, 545], "block": "platinum-square", "angle": 0}, {"type": "block", "pos": [1020, 495], "block": "platinum-square", "angle": 0}, {"type": "block", "pos": [945, 440], "block": "platinum", "angle": 270}, {"type": "block", "pos": [1020, 420], "block": "platinum", "angle": 90}, {"type": "block", "pos": [1020, 400], "block": "platinum", "angle": 90}, {"type": "block", "pos": [1020, 460], "block": "platinum", "angle": 90}, {"type": "enemy", "pos": [1075, 530], "enemy": "base", "angle": 0}, {"type": "block", "pos": [1120, 645], "block": "glass-square", "angle": 0}, {"type": "block", "pos": [1020, 595], "block": "tnt", "angle": 0}, {"type": "block", "pos": [1020, 645], "block": "platinum-square", "angle": 0}, {"type": "enemy", "pos": [930, 365], "enemy": "armored", "angle": 0}], "birds": ["red", "yellow", "red", "cyan"], "extraScore": 2500}, {"objects": [{"type": "block", "pos": [860, 495], "block": "triWall", "angle": 90}, {"type": "block", "pos": [910, 495], "block": "wall", "angle": 90}, {"type": "block", "pos": [960, 495], "block": "wall", "angle": 90}, {"type": "block", "pos": [1010, 495], "block": "wall", "angle": 90}, {"type": "block", "pos": [1060, 545], "block": "wall", "angle": 90}, {"type": "block", "pos": [1060, 595], "block": "wall", "angle": 90}, {"type": "block", "pos": [1060, 645], "block": "wall", "angle": 90}, {"type": "block", "pos": [1060, 495], "block": "triWall", "angle": 270}, {"type": "block", "pos": [910, 445], "block": "triWall", "angle": 270}, {"type": "block", "pos": [710, 445], "block": "triWall", "angle": 0}, {"type": "block", "pos": [660, 495], "block": "triWall", "angle": 0}, {"type": "block", "pos": [660, 545], "block": "wall", "angle": 0}, {"type": "block", "pos": [660, 595], "block": "wall", "angle": 0}, {"type": "block", "pos": [660, 645], "block": "wall", "angle": 0}, {"type": "block", "pos": [710, 495], "block": "wall", "angle": 180}, {"type": "block", "pos": [810, 460], "block": "glass", "angle": 90}, {"type": "block", "pos": [810, 440], "block": "glass", "angle": 90}, {"type": "block", "pos": [810, 645], "block": "tnt", "angle": 90}, {"type": "block", "pos": [910, 545], "block": "metal-square", "angle": 180}, {"type": "block", "pos": [910, 595], "block": "metal-square", "angle": 180}, {"type": "block", "pos": [910, 645], "block": "metal-square", "angle": 180}, {"type": "block", "pos": [760, 645], "block": "metal-square", "angle": 180}, {"type": "block", "pos": [760, 595], "block": "metal-square", "angle": 180}, {"type": "block", "pos": [760, 545], "block": "metal-square", "angle": 180}, {"type": "block", "pos": [760, 495], "block": "triWall", "angle": 180}, {"type": "block", "pos": [760, 495], "block": "metal-tri", "angle": 0}, {"type": "enemy", "pos": [710, 650], "enemy": "base", "angle": 0}, {"type": "enemy", "pos": [965, 650], "enemy": "base", "angle": 0}], "birds": ["blue", "blue", "red"], "extraScore": 0}, {"objects": [{"type": "block", "pos": [740, 645], "block": "wall", "angle": 0}, {"type": "block", "pos": [740, 495], "block": "wall", "angle": 0}, {"type": "block", "pos": [740, 445], "block": "wall", "angle": 0}, {"type": "block", "pos": [690, 595], "block": "wall", "angle": 0}, {"type": "block", "pos": [690, 645], "block": "tnt", "angle": 0}, {"type": "block", "pos": [740, 595], "block": "wall", "angle": 0}, {"type": "block", "pos": [690, 495], "block": "wall", "angle": 0}, {"type": "block", "pos": [690, 395], "block": "wall", "angle": 0}, {"type": "block", "pos": [740, 395], "block": "wall", "angle": 0}, {"type": "block", "pos": [740, 345], "block": "wall", "angle": 0}, {"type": "block", "pos": [690, 445], "block": "tnt", "angle": 0}, {"type": "block", "pos": [740, 295], "block": "wall", "angle": 0}, {"type": "block", "pos": [740, 245], "block": "wall", "angle": 0}, {"type": "block", "pos": [740, 195], "block": "wall", "angle": 0}, {"type": "block", "pos": [740, 145], "block": "wall", "angle": 0}, {"type": "block", "pos": [740, 95], "block": "wall", "angle": 0}, {"type": "block", "pos": [740, 45], "block": "wall", "angle": 0}, {"type": "block", "pos": [690, 245], "block": "wall", "angle": 0}, {"type": "block", "pos": [690, 195], "block": "tnt", "angle": 0}, {"type": "block", "pos": [790, 645], "block": "tnt", "angle": 0}, {"type": "block", "pos": [790, 495], "block": "wall", "angle": 0}, {"type": "block", "pos": [790, 395], "block": "wall", "angle": 0}, {"type": "block", "pos": [790, 595], "block": "wall", "angle": 0}, {"type": "block", "pos": [840, 595], "block": "wall", "angle": 0}, {"type": "block", "pos": [890, 595], "block": "wall", "angle": 0}, {"type": "block", "pos": [940, 595], "block": "wall", "angle": 0}, {"type": "block", "pos": [990, 595], "block": "wall", "angle": 0}, {"type": "block", "pos": [1040, 595], "block": "wall", "angle": 0}, {"type": "block", "pos": [790, 445], "block": "tnt", "angle": 0}, {"type": "block", "pos": [840, 495], "block": "wall", "angle": 0}, {"type": "block", "pos": [840, 395], "block": "wall", "angle": 0}, {"type": "block", "pos": [890, 395], "block": "wall", "angle": 0}, {"type": "block", "pos": [940, 395], "block": "wall", "angle": 0}, {"type": "block", "pos": [990, 395], "block": "wall", "angle": 0}, {"type": "block", "pos": [1040, 395], "block": "wall", "angle": 0}, {"type": "block", "pos": [890, 495], "block": "wall", "angle": 0}, {"type": "block", "pos": [940, 495], "block": "wall", "angle": 0}, {"type": "block", "pos": [990, 495], "block": "wall", "angle": 0}, {"type": "block", "pos": [1040, 495], "block": "wall", "angle": 0}, {"type": "block", "pos": [890, 445], "block": "tnt", "angle": 0}, {"type": "block", "pos": [990, 445], "block": "tnt", "angle": 0}, {"type": "block", "pos": [890, 645], "block": "tnt", "angle": 0}, {"type": "block", "pos": [790, 245], "block": "wall", "angle": 0}, {"type": "block", "pos": [840, 245], "block": "wall", "angle": 0}, {"type": "block", "pos": [890, 245], "block": "wall", "angle": 0}, {"type": "block", "pos": [940, 245], "block": "wall", "angle": 0}, {"type": "block", "pos": [990, 245], "block": "wall", "angle": 0}, {"type": "block", "pos": [1040, 245], "block": "wall", "angle": 0}, {"type": "block", "pos": [790, 145], "block": "wall", "angle": 0}, {"type": "block", "pos": [840, 145], "block": "wall", "angle": 0}, {"type": "block", "pos": [890, 145], "block": "wall", "angle": 0}, {"type": "block", "pos": [940, 145], "block": "wall", "angle": 0}, {"type": "block", "pos": [690, 145], "block": "wall", "angle": 0}, {"type": "block", "pos": [990, 145], "block": "wall", "angle": 0}, {"type": "block", "pos": [1040, 145], "block": "wall", "angle": 0}, {"type": "block", "pos": [990, 645], "block": "tnt", "angle": 0}, {"type": "block", "pos": [1090, 495], "block": "triWall", "angle": 180}, {"type": "block", "pos": [1090, 245], "block": "triWall", "angle": 180}, {"type": "block", "pos": [1265, 295], "block": "platinum-square", "angle": 0}, {"type": "block", "pos": [1265, 245], "block": "platinum-square", "angle": 0}, {"type": "block", "pos": [1265, 195], "block": "platinum-square", "angle": 0}, {"type": "block", "pos": [840, 195], "block": "tnt", "angle": 0}, {"type": "block", "pos": [940, 195], "block": "tnt", "angle": 0}, {"type": "block", "pos": [1265, 145], "block": "platinum-square", "angle": 0}, {"type": "block", "pos": [1315, 145], "block": "wall", "angle": 0}, {"type": "block", "pos": [1365, 145], "block": "wall", "angle": 0}, {"type": "block", "pos": [1415, 145], "block": "wall", "angle": 0}, {"type": "block", "pos": [1315, 345], "block": "wall", "angle": 0}, {"type": "block", "pos": [1365, 345], "block": "wall", "angle": 0}, {"type": "block", "pos": [1315, 545], "block": "wall", "angle": 0}, {"type": "block", "pos": [1365, 545], "block": "wall", "angle": 0}, {"type": "enemy", "pos": [1365, 300], "enemy": "base", "angle": 0}, {"type": "block", "pos": [1265, 495], "block": "glass-square", "angle": 0}, {"type": "block", "pos": [1265, 445], "block": "glass-square", "angle": 0}, {"type": "block", "pos": [1265, 395], "block": "glass-square", "angle": 0}, {"type": "block", "pos": [790, 195], "block": "tnt", "angle": 0}, {"type": "block", "pos": [890, 195], "block": "tnt", "angle": 0}, {"type": "block", "pos": [1090, 195], "block": "platinum-tri", "angle": 270}, {"type": "block", "pos": [1265, 545], "block": "wall", "angle": 0}, {"type": "block", "pos": [1265, 595], "block": "glass-square", "angle": 180}, {"type": "block", "pos": [1265, 645], "block": "glass-square", "angle": 180}, {"type": "block", "pos": [1215, 595], "block": "triWall", "angle": 0}, {"type": "block", "pos": [1040, 645], "block": "wall", "angle": 0}, {"type": "block", "pos": [1415, 545], "block": "wall", "angle": 0}, {"type": "block", "pos": [1415, 495], "block": "triWall", "angle": 0}, {"type": "block", "pos": [1090, 445], "block": "platinum-tri", "angle": 270}, {"type": "block", "pos": [1265, 345], "block": "glass-square", "angle": 0}, {"type": "enemy", "pos": [1365, 500], "enemy": "base", "angle": 0}, {"type": "enemy", "pos": [1365, 640], "enemy": "armored", "angle": 0}], "birds": ["red", "red", "cyan", "cyan"], "extraScore": 300}, {"objects": [{"type": "block", "pos": [755, 80], "block": "wall", "angle": 0}, {"type": "block", "pos": [755, 130], "block": "wall", "angle": 0}, {"type": "block", "pos": [755, 180], "block": "wall", "angle": 0}, {"type": "block", "pos": [755, 230], "block": "wall", "angle": 0}, {"type": "block", "pos": [755, 280], "block": "wall", "angle": 0}, {"type": "block", "pos": [755, 330], "block": "wall", "angle": 0}, {"type": "block", "pos": [755, 380], "block": "wall", "angle": 0}, {"type": "block", "pos": [755, 430], "block": "wall", "angle": 0}, {"type": "block", "pos": [755, 480], "block": "wall", "angle": 0}, {"type": "block", "pos": [755, 530], "block": "wall", "angle": 0}, {"type": "block", "pos": [755, 580], "block": "wall", "angle": 0}, {"type": "block", "pos": [805, 580], "block": "wall", "angle": 0}, {"type": "block", "pos": [855, 580], "block": "wall", "angle": 0}, {"type": "block", "pos": [905, 580], "block": "wall", "angle": 0}, {"type": "block", "pos": [955, 580], "block": "wall", "angle": 0}, {"type": "block", "pos": [1005, 580], "block": "wall", "angle": 0}, {"type": "block", "pos": [1055, 580], "block": "wall", "angle": 0}, {"type": "block", "pos": [1105, 580], "block": "wall", "angle": 0}, {"type": "block", "pos": [1155, 580], "block": "wall", "angle": 0}, {"type": "block", "pos": [1205, 580], "block": "wall", "angle": 0}, {"type": "block", "pos": [1255, 580], "block": "wall", "angle": 0}, {"type": "block", "pos": [1305, 580], "block": "wall", "angle": 0}, {"type": "block", "pos": [1305, 530], "block": "wall", "angle": 0}, {"type": "block", "pos": [805, 280], "block": "wall", "angle": 0}, {"type": "block", "pos": [855, 280], "block": "wall", "angle": 0}, {"type": "block", "pos": [905, 280], "block": "wall", "angle": 0}, {"type": "block", "pos": [1105, 280], "block": "wall", "angle": 0}, {"type": "block", "pos": [1155, 280], "block": "wall", "angle": 0}, {"type": "block", "pos": [1205, 280], "block": "wall", "angle": 0}, {"type": "block", "pos": [1305, 480], "block": "wall", "angle": 0}, {"type": "block", "pos": [1305, 430], "block": "wall", "angle": 0}, {"type": "block", "pos": [1305, 380], "block": "wall", "angle": 0}, {"type": "block", "pos": [1305, 330], "block": "wall", "angle": 0}, {"type": "block", "pos": [1305, 280], "block": "wall", "angle": 0}, {"type": "block", "pos": [1255, 280], "block": "wall", "angle": 0}, {"type": "block", "pos": [1305, 230], "block": "wall", "angle": 0}, {"type": "block", "pos": [1305, 180], "block": "wall", "angle": 0}, {"type": "block", "pos": [1305, 130], "block": "wall", "angle": 0}, {"type": "block", "pos": [1305, 80], "block": "wall", "angle": 0}, {"type": "block", "pos": [1205, 480], "block": "metal-square", "angle": 0}, {"type": "block", "pos": [1255, 430], "block": "wall", "angle": 270}, {"type": "block", "pos": [1205, 330], "block": "metal-square", "angle": 0}, {"type": "enemy", "pos": [1255, 385], "enemy": "base", "angle": 0}, {"type": "enemy", "pos": [1255, 535], "enemy": "base", "angle": 0}, {"type": "block", "pos": [805, 430], "block": "wall", "angle": 0}, {"type": "block", "pos": [855, 330], "block": "metal-square", "angle": 0}, {"type": "block", "pos": [855, 480], "block": "metal-square", "angle": 0}, {"type": "block", "pos": [855, 430], "block": "glass-square", "angle": 0}, {"type": "block", "pos": [1205, 430], "block": "glass-square", "angle": 0}, {"type": "enemy", "pos": [805, 385], "enemy": "base", "angle": 0}, {"type": "enemy", "pos": [805, 535], "enemy": "base", "angle": 0}, {"type": "block", "pos": [855, 530], "block": "tnt", "angle": 0}, {"type": "block", "pos": [1205, 530], "block": "tnt", "angle": 0}, {"type": "block", "pos": [955, 280], "block": "wall", "angle": 90}, {"type": "block", "pos": [1105, 230], "block": "metal-square", "angle": 0}, {"type": "block", "pos": [955, 230], "block": "metal-square", "angle": 0}, {"type": "block", "pos": [955, 180], "block": "metal-square", "angle": 0}, {"type": "block", "pos": [1105, 180], "block": "metal-square", "angle": 0}, {"type": "block", "pos": [980, 145], "block": "metal", "angle": 270}, {"type": "block", "pos": [1080, 145], "block": "metal", "angle": 270}, {"type": "block", "pos": [955, 110], "block": "metal-tri", "angle": 0}, {"type": "block", "pos": [1105, 110], "block": "metal-tri", "angle": 270}, {"type": "block", "pos": [1030, 125], "block": "glass", "angle": 270}, {"type": "block", "pos": [1030, 105], "block": "glass", "angle": 270}, {"type": "block", "pos": [1030, 85], "block": "glass", "angle": 270}, {"type": "block", "pos": [855, 380], "block": "tnt", "angle": 0}, {"type": "block", "pos": [1205, 380], "block": "tnt", "angle": 0}, {"type": "block", "pos": [705, 80], "block": "triWall", "angle": 0}, {"type": "block", "pos": [805, 80], "block": "triWall", "angle": 270}, {"type": "block", "pos": [1255, 80], "block": "triWall", "angle": 0}, {"type": "block", "pos": [1355, 80], "block": "triWall", "angle": 270}, {"type": "block", "pos": [755, 30], "block": "triWall", "angle": 0}, {"type": "block", "pos": [1305, 30], "block": "triWall", "angle": 270}], "birds": ["green", "green"], "extraScore": 500}, {"objects": [{"type": "block", "pos": [790, 645], "block": "wall", "angle": 0}, {"type": "block", "pos": [790, 595], "block": "wall", "angle": 0}, {"type": "block", "pos": [790, 545], "block": "wall", "angle": 0}, {"type": "block", "pos": [790, 445], "block": "wall", "angle": 0}, {"type": "block", "pos": [790, 345], "block": "wall", "angle": 0}, {"type": "block", "pos": [840, 345], "block": "wall", "angle": 0}, {"type": "block", "pos": [890, 345], "block": "wall", "angle": 0}, {"type": "block", "pos": [940, 345], "block": "wall", "angle": 0}, {"type": "block", "pos": [990, 345], "block": "wall", "angle": 0}, {"type": "block", "pos": [1040, 345], "block": "wall", "angle": 0}, {"type": "block", "pos": [1090, 345], "block": "wall", "angle": 0}, {"type": "block", "pos": [1140, 345], "block": "wall", "angle": 0}, {"type": "block", "pos": [840, 445], "block": "wall", "angle": 0}, {"type": "block", "pos": [890, 445], "block": "wall", "angle": 0}, {"type": "block", "pos": [940, 445], "block": "wall", "angle": 0}, {"type": "block", "pos": [990, 445], "block": "wall", "angle": 0}, {"type": "block", "pos": [1040, 445], "block": "wall", "angle": 0}, {"type": "block", "pos": [1090, 445], "block": "wall", "angle": 0}, {"type": "block", "pos": [1140, 445], "block": "wall", "angle": 0}, {"type": "block", "pos": [840, 545], "block": "wall", "angle": 0}, {"type": "block", "pos": [890, 545], "block": "wall", "angle": 0}, {"type": "block", "pos": [940, 545], "block": "wall", "angle": 0}, {"type": "block", "pos": [990, 545], "block": "wall", "angle": 0}, {"type": "block", "pos": [1090, 545], "block": "wall", "angle": 0}, {"type": "block", "pos": [1140, 545], "block": "wall", "angle": 0}, {"type": "block", "pos": [790, 245], "block": "wall", "angle": 0}, {"type": "block", "pos": [840, 245], "block": "wall", "angle": 0}, {"type": "block", "pos": [890, 245], "block": "wall", "angle": 0}, {"type": "block", "pos": [940, 245], "block": "wall", "angle": 0}, {"type": "block", "pos": [990, 245], "block": "wall", "angle": 0}, {"type": "block", "pos": [1040, 245], "block": "wall", "angle": 0}, {"type": "block", "pos": [1090, 245], "block": "wall", "angle": 0}, {"type": "block", "pos": [1140, 245], "block": "wall", "angle": 0}, {"type": "block", "pos": [940, 295], "block": "wall", "angle": 0}, {"type": "block", "pos": [1140, 395], "block": "wall", "angle": 0}, {"type": "block", "pos": [1140, 595], "block": "wall", "angle": 0}, {"type": "block", "pos": [1090, 495], "block": "wall", "angle": 0}, {"type": "block", "pos": [1140, 645], "block": "wall", "angle": 0}, {"type": "block", "pos": [990, 195], "block": "wall", "angle": 0}, {"type": "block", "pos": [990, 145], "block": "wall", "angle": 0}, {"type": "block", "pos": [990, 95], "block": "wall", "angle": 0}, {"type": "block", "pos": [990, 45], "block": "wall", "angle": 0}, {"type": "block", "pos": [940, 45], "block": "wall", "angle": 0}, {"type": "block", "pos": [1040, 45], "block": "wall", "angle": 0}, {"type": "block", "pos": [1140, 45], "block": "wall", "angle": 0}, {"type": "block", "pos": [840, 45], "block": "wall", "angle": 0}, {"type": "block", "pos": [790, 45], "block": "wall", "angle": 0}, {"type": "block", "pos": [790, 195], "block": "wall", "angle": 0}, {"type": "block", "pos": [790, 145], "block": "wall", "angle": 0}, {"type": "block", "pos": [790, 95], "block": "wall", "angle": 0}, {"type": "enemy", "pos": [940, 200], "enemy": "base", "angle": 0}, {"type": "enemy", "pos": [1140, 200], "enemy": "base", "angle": 0}, {"type": "block", "pos": [690, 645], "block": "wall", "angle": 0}, {"type": "block", "pos": [690, 595], "block": "wall", "angle": 0}, {"type": "block", "pos": [690, 545], "block": "wall", "angle": 0}, {"type": "block", "pos": [690, 445], "block": "wall", "angle": 0}, {"type": "block", "pos": [690, 345], "block": "wall", "angle": 0}, {"type": "enemy", "pos": [740, 650], "enemy": "base", "angle": 0}, {"type": "block", "pos": [740, 245], "block": "wall", "angle": 0}, {"type": "block", "pos": [690, 245], "block": "wall", "angle": 0}, {"type": "enemy", "pos": [895, 645], "enemy": "armored", "angle": 0}], "birds": ["green", "green", "green", "blue"], "extraScore": 0}, {"objects": [{"type": "block", "pos": [700, 545], "block": "wall", "angle": 0}, {"type": "block", "pos": [700, 495], "block": "wall", "angle": 0}, {"type": "block", "pos": [700, 445], "block": "wall", "angle": 0}, {"type": "block", "pos": [700, 395], "block": "wall", "angle": 0}, {"type": "block", "pos": [800, 395], "block": "wall", "angle": 0}, {"type": "block", "pos": [850, 395], "block": "wall", "angle": 0}, {"type": "block", "pos": [1100, 395], "block": "wall", "angle": 0}, {"type": "block", "pos": [1100, 445], "block": "wall", "angle": 0}, {"type": "block", "pos": [1100, 495], "block": "wall", "angle": 0}, {"type": "block", "pos": [1100, 545], "block": "wall", "angle": 0}, {"type": "block", "pos": [1100, 595], "block": "wall", "angle": 0}, {"type": "block", "pos": [1100, 645], "block": "wall", "angle": 0}, {"type": "block", "pos": [1050, 545], "block": "wall", "angle": 0}, {"type": "block", "pos": [1000, 545], "block": "wall", "angle": 0}, {"type": "block", "pos": [950, 545], "block": "wall", "angle": 0}, {"type": "block", "pos": [900, 545], "block": "wall", "angle": 0}, {"type": "block", "pos": [850, 545], "block": "wall", "angle": 0}, {"type": "block", "pos": [800, 545], "block": "wall", "angle": 0}, {"type": "block", "pos": [700, 595], "block": "platinum-square", "angle": 0}, {"type": "block", "pos": [700, 645], "block": "platinum-square", "angle": 0}, {"type": "block", "pos": [650, 395], "block": "platinum-square", "angle": 0}, {"type": "block", "pos": [650, 445], "block": "platinum-square", "angle": 0}, {"type": "block", "pos": [650, 495], "block": "platinum-square", "angle": 0}, {"type": "block", "pos": [650, 545], "block": "platinum-square", "angle": 0}, {"type": "block", "pos": [650, 595], "block": "platinum-square", "angle": 0}, {"type": "block", "pos": [650, 645], "block": "platinum-square", "angle": 0}, {"type": "enemy", "pos": [850, 495], "enemy": "armored", "angle": 0}, {"type": "block", "pos": [1050, 495], "block": "tnt", "angle": 0}, {"type": "block", "pos": [1050, 395], "block": "triWall", "angle": 0}, {"type": "block", "pos": [900, 395], "block": "triWall", "angle": 180}, {"type": "block", "pos": [1050, 645], "block": "tnt", "angle": 0}, {"type": "block", "pos": [1000, 645], "block": "tnt", "angle": 0}, {"type": "block", "pos": [950, 645], "block": "tnt", "angle": 0}, {"type": "enemy", "pos": [900, 645], "enemy": "armored", "angle": 0}], "birds": ["cyan", "red", "red"], "extraScore": 1000}, {"objects": [{"type": "block", "pos": [760, 495], "block": "wall", "angle": 0}, {"type": "block", "pos": [760, 445], "block": "wall", "angle": 0}, {"type": "block", "pos": [760, 395], "block": "wall", "angle": 0}, {"type": "block", "pos": [760, 195], "block": "wall", "angle": 0}, {"type": "block", "pos": [860, 595], "block": "wall", "angle": 0}, {"type": "block", "pos": [810, 595], "block": "wall", "angle": 0}, {"type": "block", "pos": [760, 245], "block": "wall", "angle": 0}, {"type": "block", "pos": [705, 595], "block": "wall", "angle": 0}, {"type": "block", "pos": [760, 595], "block": "wall", "angle": 0}, {"type": "block", "pos": [650, 595], "block": "wall", "angle": 0}, {"type": "block", "pos": [650, 545], "block": "wall", "angle": 0}, {"type": "block", "pos": [650, 495], "block": "wall", "angle": 0}, {"type": "block", "pos": [650, 445], "block": "wall", "angle": 0}, {"type": "block", "pos": [650, 395], "block": "wall", "angle": 0}, {"type": "block", "pos": [650, 245], "block": "wall", "angle": 0}, {"type": "block", "pos": [650, 195], "block": "wall", "angle": 0}, {"type": "block", "pos": [1120, 595], "block": "wall", "angle": 0}, {"type": "block", "pos": [1120, 545], "block": "wall", "angle": 0}, {"type": "block", "pos": [1120, 495], "block": "wall", "angle": 0}, {"type": "block", "pos": [1120, 445], "block": "wall", "angle": 0}, {"type": "block", "pos": [1120, 395], "block": "wall", "angle": 0}, {"type": "block", "pos": [1145, 360], "block": "glass", "angle": 270}, {"type": "block", "pos": [1270, 395], "block": "wall", "angle": 270}, {"type": "block", "pos": [1170, 595], "block": "wall", "angle": 270}, {"type": "block", "pos": [1220, 595], "block": "wall", "angle": 270}, {"type": "block", "pos": [1270, 325], "block": "triWall", "angle": 0}, {"type": "block", "pos": [1320, 395], "block": "wall", "angle": 0}, {"type": "block", "pos": [1370, 395], "block": "wall", "angle": 0}, {"type": "block", "pos": [1420, 395], "block": "wall", "angle": 0}, {"type": "block", "pos": [1170, 320], "block": "tnt", "angle": 0}, {"type": "block", "pos": [1245, 360], "block": "platinum", "angle": 270}, {"type": "block", "pos": [760, 145], "block": "wall", "angle": 0}, {"type": "block", "pos": [760, 95], "block": "wall", "angle": 0}, {"type": "block", "pos": [650, 145], "block": "wall", "angle": 0}, {"type": "block", "pos": [650, 95], "block": "wall", "angle": 0}, {"type": "block", "pos": [705, 95], "block": "wall", "angle": 0}, {"type": "block", "pos": [850, 645], "block": "platinum-square", "angle": 0}, {"type": "block", "pos": [1270, 595], "block": "wall", "angle": 0}, {"type": "block", "pos": [1320, 595], "block": "wall", "angle": 0}, {"type": "block", "pos": [1370, 595], "block": "triWall", "angle": 270}, {"type": "block", "pos": [1415, 645], "block": "wall", "angle": 270}, {"type": "block", "pos": [1320, 545], "block": "platinum-square", "angle": 0}, {"type": "block", "pos": [1320, 495], "block": "tnt", "angle": 0}, {"type": "block", "pos": [860, 545], "block": "wall", "angle": 0}, {"type": "block", "pos": [860, 495], "block": "wall", "angle": 0}, {"type": "block", "pos": [860, 445], "block": "wall", "angle": 0}, {"type": "block", "pos": [910, 295], "block": "wall", "angle": 0}, {"type": "block", "pos": [960, 295], "block": "wall", "angle": 0}, {"type": "block", "pos": [1010, 295], "block": "wall", "angle": 0}, {"type": "block", "pos": [860, 245], "block": "wall", "angle": 0}, {"type": "block", "pos": [860, 195], "block": "wall", "angle": 0}, {"type": "block", "pos": [860, 145], "block": "wall", "angle": 0}, {"type": "block", "pos": [860, 95], "block": "wall", "angle": 0}, {"type": "block", "pos": [910, 95], "block": "wall", "angle": 0}, {"type": "block", "pos": [1010, 245], "block": "wall", "angle": 0}, {"type": "block", "pos": [1010, 195], "block": "wall", "angle": 0}, {"type": "block", "pos": [1010, 145], "block": "wall", "angle": 0}, {"type": "block", "pos": [1010, 95], "block": "wall", "angle": 0}, {"type": "block", "pos": [1010, 445], "block": "wall", "angle": 0}, {"type": "block", "pos": [1010, 495], "block": "wall", "angle": 0}, {"type": "block", "pos": [1010, 545], "block": "wall", "angle": 0}, {"type": "block", "pos": [1010, 595], "block": "wall", "angle": 0}, {"type": "enemy", "pos": [910, 250], "enemy": "base", "angle": 0}, {"type": "block", "pos": [810, 545], "block": "wall", "angle": 0}, {"type": "block", "pos": [730, 560], "block": "glass", "angle": 270}, {"type": "block", "pos": [730, 540], "block": "glass", "angle": 270}, {"type": "block", "pos": [690, 480], "block": "glass", "angle": 180}, {"type": "block", "pos": [705, 405], "block": "glass-square", "angle": 180}, {"type": "block", "pos": [720, 480], "block": "glass", "angle": 180}, {"type": "block", "pos": [690, 330], "block": "platinum", "angle": 180}, {"type": "block", "pos": [720, 330], "block": "platinum", "angle": 180}, {"type": "block", "pos": [1002, 645], "block": "platinum-square", "angle": 0}, {"type": "block", "pos": [705, 255], "block": "platinum-square", "angle": 0}, {"type": "block", "pos": [910, 445], "block": "wall", "angle": 0}, {"type": "block", "pos": [960, 445], "block": "wall", "angle": 0}, {"type": "block", "pos": [860, 295], "block": "triWall", "angle": 90}, {"type": "block", "pos": [1010, 395], "block": "metal-square", "angle": 0}, {"type": "block", "pos": [1010, 345], "block": "metal-square", "angle": 0}, {"type": "enemy", "pos": [1409, 591], "enemy": "robot", "angle": 0}], "birds": ["green", "green", "cyan", "blue"], "extraScore": 300}, {"objects": [{"type": "block", "pos": [675, 245], "block": "platinum-square", "angle": 0}, {"type": "block", "pos": [675, 195], "block": "platinum-square", "angle": 0}, {"type": "block", "pos": [725, 295], "block": "wall", "angle": 180}, {"type": "block", "pos": [775, 295], "block": "wall", "angle": 180}, {"type": "block", "pos": [825, 295], "block": "wall", "angle": 180}, {"type": "block", "pos": [675, 145], "block": "platinum-tri", "angle": 0}, {"type": "block", "pos": [750, 160], "block": "platinum", "angle": 270}, {"type": "block", "pos": [750, 140], "block": "platinum", "angle": 270}, {"type": "block", "pos": [850, 160], "block": "platinum", "angle": 270}, {"type": "block", "pos": [850, 140], "block": "platinum", "angle": 270}, {"type": "block", "pos": [1125, 145], "block": "triWall", "angle": 270}, {"type": "block", "pos": [1050, 160], "block": "platinum", "angle": 270}, {"type": "block", "pos": [1050, 140], "block": "platinum", "angle": 270}, {"type": "block", "pos": [950, 160], "block": "platinum", "angle": 270}, {"type": "block", "pos": [950, 140], "block": "platinum", "angle": 270}, {"type": "block", "pos": [625, 295], "block": "wall", "angle": 180}, {"type": "block", "pos": [625, 245], "block": "wall", "angle": 180}, {"type": "block", "pos": [625, 195], "block": "wall", "angle": 180}, {"type": "block", "pos": [675, 145], "block": "triWall", "angle": 180}, {"type": "block", "pos": [625, 145], "block": "triWall", "angle": 0}, {"type": "enemy", "pos": [745, 240], "enemy": "armored", "angle": 0}, {"type": "block", "pos": [675, 295], "block": "wall", "angle": 0}, {"type": "block", "pos": [675, 445], "block": "wall", "angle": 0}, {"type": "block", "pos": [625, 445], "block": "wall", "angle": 0}, {"type": "block", "pos": [575, 445], "block": "triWall", "angle": 0}, {"type": "block", "pos": [725, 445], "block": "wall", "angle": 0}, {"type": "block", "pos": [1125, 295], "block": "wall", "angle": 0}, {"type": "block", "pos": [1125, 245], "block": "wall", "angle": 0}, {"type": "block", "pos": [1125, 345], "block": "wall", "angle": 0}, {"type": "block", "pos": [1125, 445], "block": "wall", "angle": 0}, {"type": "block", "pos": [1125, 495], "block": "wall", "angle": 0}, {"type": "block", "pos": [1125, 595], "block": "wall", "angle": 0}, {"type": "block", "pos": [1075, 295], "block": "wall", "angle": 0}, {"type": "block", "pos": [1025, 295], "block": "wall", "angle": 0}, {"type": "block", "pos": [975, 295], "block": "wall", "angle": 0}, {"type": "block", "pos": [975, 595], "block": "wall", "angle": 0}, {"type": "block", "pos": [975, 545], "block": "wall", "angle": 0}, {"type": "block", "pos": [975, 495], "block": "wall", "angle": 0}, {"type": "block", "pos": [825, 595], "block": "wall", "angle": 0}, {"type": "block", "pos": [825, 545], "block": "wall", "angle": 0}, {"type": "block", "pos": [1125, 645], "block": "wall", "angle": 0}, {"type": "block", "pos": [875, 645], "block": "tnt", "angle": 0}, {"type": "block", "pos": [925, 645], "block": "tnt", "angle": 0}, {"type": "block", "pos": [975, 645], "block": "tnt", "angle": 0}, {"type": "block", "pos": [825, 645], "block": "wall", "angle": 0}, {"type": "block", "pos": [1025, 645], "block": "wall", "angle": 0}, {"type": "block", "pos": [775, 445], "block": "triWall", "angle": 270}, {"type": "block", "pos": [825, 495], "block": "triWall", "angle": 270}, {"type": "block", "pos": [975, 445], "block": "triWall", "angle": 270}, {"type": "enemy", "pos": [1055, 245], "enemy": "armored", "angle": 0}, {"type": "block", "pos": [1125, 195], "block": "wall", "angle": 0}, {"type": "block", "pos": [775, 495], "block": "triWall", "angle": 90}, {"type": "block", "pos": [725, 595], "block": "wall", "angle": 90}, {"type": "block", "pos": [675, 595], "block": "wall", "angle": 90}, {"type": "block", "pos": [675, 545], "block": "wall", "angle": 90}, {"type": "block", "pos": [675, 495], "block": "wall", "angle": 90}, {"type": "enemy", "pos": [750, 530], "enemy": "base", "angle": 0}, {"type": "block", "pos": [725, 395], "block": "glass-square", "angle": 0}, {"type": "block", "pos": [725, 345], "block": "glass-square", "angle": 0}, {"type": "enemy", "pos": [1125, 395], "enemy": "base", "angle": 0}, {"type": "block", "pos": [725, 105], "block": "triWall", "angle": 0}, {"type": "block", "pos": [775, 105], "block": "triWall", "angle": 270}, {"type": "block", "pos": [825, 105], "block": "triWall", "angle": 0}, {"type": "block", "pos": [875, 105], "block": "triWall", "angle": 270}, {"type": "block", "pos": [925, 105], "block": "triWall", "angle": 0}, {"type": "block", "pos": [975, 105], "block": "triWall", "angle": 270}, {"type": "block", "pos": [1025, 105], "block": "triWall", "angle": 0}, {"type": "block", "pos": [1075, 105], "block": "triWall", "angle": 270}, {"type": "block", "pos": [750, 560], "block": "platinum", "angle": 270}, {"type": "block", "pos": [675, 395], "block": "glass-square", "angle": 0}, {"type": "block", "pos": [675, 345], "block": "glass-square", "angle": 0}, {"type": "block", "pos": [825, 245], "block": "platinum-square", "angle": 0}, {"type": "block", "pos": [975, 245], "block": "platinum-square", "angle": 0}, {"type": "block", "pos": [825, 195], "block": "tnt", "angle": 0}, {"type": "block", "pos": [975, 195], "block": "tnt", "angle": 0}], "birds": ["red", "blue", "yellow", "blue"], "extraScore": 0}, {"objects": [{"type": "block", "pos": [915, 260], "block": "wall", "angle": 0}, {"type": "block", "pos": [965, 260], "block": "wall", "angle": 0}, {"type": "block", "pos": [865, 210], "block": "wall", "angle": 0}, {"type": "block", "pos": [1015, 210], "block": "wall", "angle": 0}, {"type": "block", "pos": [865, 260], "block": "triWall", "angle": 90}, {"type": "block", "pos": [1015, 260], "block": "triWall", "angle": 180}, {"type": "block", "pos": [1065, 210], "block": "triWall", "angle": 270}, {"type": "block", "pos": [815, 210], "block": "triWall", "angle": 0}, {"type": "block", "pos": [1210, 360], "block": "wall", "angle": 270}, {"type": "block", "pos": [1360, 360], "block": "wall", "angle": 270}, {"type": "block", "pos": [1260, 410], "block": "wall", "angle": 270}, {"type": "block", "pos": [1310, 410], "block": "wall", "angle": 270}, {"type": "block", "pos": [1160, 360], "block": "triWall", "angle": 0}, {"type": "block", "pos": [1410, 360], "block": "triWall", "angle": 270}, {"type": "block", "pos": [1360, 410], "block": "triWall", "angle": 180}, {"type": "block", "pos": [1210, 410], "block": "triWall", "angle": 90}, {"type": "block", "pos": [1245, 335], "block": "platinum", "angle": 0}, {"type": "block", "pos": [1325, 335], "block": "platinum", "angle": 0}, {"type": "block", "pos": [1285, 275], "block": "platinum", "angle": 90}, {"type": "block", "pos": [1210, 310], "block": "platinum-tri", "angle": 0}, {"type": "block", "pos": [1360, 310], "block": "platinum-tri", "angle": 270}, {"type": "block", "pos": [1065, 510], "block": "triWall", "angle": 270}, {"type": "block", "pos": [1015, 510], "block": "wall", "angle": 270}, {"type": "block", "pos": [965, 560], "block": "wall", "angle": 270}, {"type": "block", "pos": [915, 560], "block": "wall", "angle": 270}, {"type": "block", "pos": [865, 510], "block": "wall", "angle": 270}, {"type": "block", "pos": [815, 510], "block": "triWall", "angle": 0}, {"type": "block", "pos": [865, 560], "block": "triWall", "angle": 90}, {"type": "block", "pos": [1015, 560], "block": "triWall", "angle": 180}, {"type": "enemy", "pos": [935, 215], "enemy": "base", "angle": 0}, {"type": "enemy", "pos": [940, 515], "enemy": "base", "angle": 0}, {"type": "enemy", "pos": [1285, 360], "enemy": "armored", "angle": 0}, {"type": "block", "pos": [630, 645], "block": "wall", "angle": 0}, {"type": "block", "pos": [630, 595], "block": "wall", "angle": 0}, {"type": "block", "pos": [630, 545], "block": "glass-tri", "angle": 0}, {"type": "block", "pos": [705, 525], "block": "glass", "angle": 270}, {"type": "block", "pos": [745, 585], "block": "glass", "angle": 180}, {"type": "block", "pos": [725, 585], "block": "glass", "angle": 180}, {"type": "block", "pos": [750, 635], "block": "triWall", "angle": 315}, {"type": "block", "pos": [785, 670], "block": "triWall", "angle": 135}, {"type": "enemy", "pos": [685, 650], "enemy": "base", "angle": 0}, {"type": "block", "pos": [865, 160], "block": "metal-tri", "angle": 0}, {"type": "block", "pos": [1015, 160], "block": "metal-tri", "angle": 270}, {"type": "block", "pos": [980, 185], "block": "metal", "angle": 180}, {"type": "block", "pos": [900, 185], "block": "metal", "angle": 180}, {"type": "block", "pos": [940, 125], "block": "metal", "angle": 270}, {"type": "block", "pos": [900, 485], "block": "glass", "angle": 180}, {"type": "block", "pos": [980, 485], "block": "glass", "angle": 180}, {"type": "block", "pos": [940, 425], "block": "glass", "angle": 270}, {"type": "block", "pos": [865, 460], "block": "glass-tri", "angle": 0}, {"type": "block", "pos": [1015, 460], "block": "glass-tri", "angle": 270}, {"type": "block", "pos": [1405, 320], "block": "tnt", "angle": 45}], "birds": ["red", "green", "cyan"], "extraScore": 0}, {"objects": [{"type": "block", "pos": [730, 545], "block": "wall", "angle": 0}, {"type": "block", "pos": [730, 645], "block": "wall", "angle": 0}, {"type": "block", "pos": [780, 645], "block": "wall", "angle": 0}, {"type": "block", "pos": [830, 645], "block": "wall", "angle": 0}, {"type": "block", "pos": [880, 645], "block": "wall", "angle": 0}, {"type": "block", "pos": [930, 645], "block": "wall", "angle": 0}, {"type": "block", "pos": [980, 645], "block": "wall", "angle": 0}, {"type": "block", "pos": [1030, 645], "block": "wall", "angle": 0}, {"type": "block", "pos": [1080, 645], "block": "wall", "angle": 0}, {"type": "block", "pos": [1130, 645], "block": "wall", "angle": 0}, {"type": "block", "pos": [1180, 645], "block": "wall", "angle": 0}, {"type": "block", "pos": [1230, 645], "block": "wall", "angle": 0}, {"type": "block", "pos": [1280, 645], "block": "wall", "angle": 0}, {"type": "block", "pos": [1330, 645], "block": "wall", "angle": 0}, {"type": "block", "pos": [1380, 645], "block": "wall", "angle": 0}, {"type": "block", "pos": [1380, 595], "block": "wall", "angle": 0}, {"type": "block", "pos": [1380, 545], "block": "wall", "angle": 0}, {"type": "block", "pos": [780, 545], "block": "wall", "angle": 0}, {"type": "block", "pos": [830, 545], "block": "wall", "angle": 0}, {"type": "block", "pos": [880, 545], "block": "wall", "angle": 0}, {"type": "block", "pos": [930, 545], "block": "wall", "angle": 0}, {"type": "block", "pos": [980, 545], "block": "wall", "angle": 0}, {"type": "block", "pos": [1030, 545], "block": "wall", "angle": 0}, {"type": "block", "pos": [1080, 545], "block": "wall", "angle": 0}, {"type": "block", "pos": [1130, 545], "block": "wall", "angle": 0}, {"type": "block", "pos": [1180, 545], "block": "wall", "angle": 0}, {"type": "block", "pos": [1230, 545], "block": "wall", "angle": 0}, {"type": "block", "pos": [1280, 545], "block": "wall", "angle": 0}, {"type": "block", "pos": [880, 495], "block": "wall", "angle": 0}, {"type": "block", "pos": [930, 495], "block": "wall", "angle": 0}, {"type": "block", "pos": [1030, 495], "block": "wall", "angle": 0}, {"type": "block", "pos": [1080, 495], "block": "wall", "angle": 0}, {"type": "block", "pos": [1180, 495], "block": "wall", "angle": 0}, {"type": "block", "pos": [1030, 395], "block": "wall", "angle": 0}, {"type": "block", "pos": [1080, 395], "block": "wall", "angle": 0}, {"type": "block", "pos": [1180, 395], "block": "wall", "angle": 0}, {"type": "block", "pos": [1230, 395], "block": "wall", "angle": 0}, {"type": "block", "pos": [1280, 395], "block": "wall", "angle": 0}, {"type": "block", "pos": [1330, 395], "block": "wall", "angle": 0}, {"type": "block", "pos": [1380, 445], "block": "wall", "angle": 0}, {"type": "block", "pos": [1380, 495], "block": "wall", "angle": 0}, {"type": "block", "pos": [930, 445], "block": "wall", "angle": 0}, {"type": "block", "pos": [880, 445], "block": "wall", "angle": 0}, {"type": "block", "pos": [1030, 445], "block": "wall", "angle": 0}, {"type": "block", "pos": [1080, 445], "block": "wall", "angle": 0}, {"type": "block", "pos": [1180, 445], "block": "wall", "angle": 0}, {"type": "enemy", "pos": [1230, 500], "enemy": "base", "angle": 0}, {"type": "enemy", "pos": [1130, 500], "enemy": "base", "angle": 0}, {"type": "enemy", "pos": [830, 500], "enemy": "base", "angle": 0}, {"type": "block", "pos": [680, 545], "block": "triWall", "angle": 90}, {"type": "block", "pos": [930, 395], "block": "wall", "angle": 270}, {"type": "block", "pos": [880, 345], "block": "wall", "angle": 270}, {"type": "block", "pos": [830, 345], "block": "wall", "angle": 270}, {"type": "block", "pos": [880, 395], "block": "wall", "angle": 0}, {"type": "block", "pos": [830, 395], "block": "wall", "angle": 0}, {"type": "block", "pos": [780, 395], "block": "wall", "angle": 0}, {"type": "block", "pos": [730, 395], "block": "triWall", "angle": 0}, {"type": "block", "pos": [780, 345], "block": "triWall", "angle": 0}, {"type": "block", "pos": [1030, 345], "block": "wall", "angle": 0}, {"type": "block", "pos": [1080, 345], "block": "wall", "angle": 0}, {"type": "block", "pos": [1180, 345], "block": "wall", "angle": 0}, {"type": "block", "pos": [1230, 345], "block": "triWall", "angle": 270}, {"type": "block", "pos": [1380, 395], "block": "triWall", "angle": 270}, {"type": "block", "pos": [680, 645], "block": "wall", "angle": 0}, {"type": "block", "pos": [630, 645], "block": "triWall", "angle": 0}, {"type": "block", "pos": [780, 495], "block": "triWall", "angle": 0}, {"type": "block", "pos": [680, 495], "block": "triWall", "angle": 270}, {"type": "enemy", "pos": [980, 500], "enemy": "base", "angle": 0}, {"type": "block", "pos": [930, 345], "block": "triWall", "angle": 270}, {"type": "block", "pos": [1105, 310], "block": "glass", "angle": 270}, {"type": "block", "pos": [1180, 295], "block": "triWall", "angle": 270}], "birds": ["cyan", "blue", "yellow"], "extraScore": 0}, {"objects": [{"type": "block", "pos": [855, 510], "block": "platinum", "angle": 270}, {"type": "block", "pos": [805, 490], "block": "platinum", "angle": 270}, {"type": "block", "pos": [980, 545], "block": "platinum-square", "angle": 0}, {"type": "block", "pos": [980, 595], "block": "platinum-square", "angle": 0}, {"type": "block", "pos": [980, 645], "block": "platinum-square", "angle": 0}, {"type": "block", "pos": [880, 475], "block": "platinum-square", "angle": 0}, {"type": "block", "pos": [930, 475], "block": "platinum-square", "angle": 0}, {"type": "block", "pos": [955, 510], "block": "platinum", "angle": 270}, {"type": "block", "pos": [1005, 490], "block": "platinum", "angle": 270}, {"type": "block", "pos": [780, 455], "block": "platinum-square", "angle": 0}, {"type": "block", "pos": [830, 455], "block": "platinum-square", "angle": 0}, {"type": "block", "pos": [980, 455], "block": "platinum-square", "angle": 0}, {"type": "block", "pos": [980, 405], "block": "platinum-square", "angle": 0}, {"type": "block", "pos": [905, 440], "block": "platinum", "angle": 270}, {"type": "block", "pos": [780, 355], "block": "platinum-square", "angle": 0}, {"type": "block", "pos": [830, 355], "block": "platinum-square", "angle": 0}, {"type": "block", "pos": [1080, 405], "block": "wall", "angle": 0}, {"type": "block", "pos": [1080, 355], "block": "wall", "angle": 0}, {"type": "block", "pos": [780, 305], "block": "platinum-square", "angle": 0}, {"type": "block", "pos": [830, 305], "block": "platinum-square", "angle": 0}, {"type": "block", "pos": [780, 255], "block": "platinum-square", "angle": 0}, {"type": "block", "pos": [780, 205], "block": "platinum-square", "angle": 0}, {"type": "block", "pos": [830, 255], "block": "glass-square", "angle": 0}, {"type": "block", "pos": [830, 205], "block": "glass-square", "angle": 0}, {"type": "block", "pos": [930, 305], "block": "glass-square", "angle": 0}, {"type": "block", "pos": [880, 255], "block": "glass-square", "angle": 0}, {"type": "block", "pos": [1030, 305], "block": "glass-square", "angle": 0}, {"type": "block", "pos": [980, 305], "block": "glass-square", "angle": 0}, {"type": "block", "pos": [1080, 255], "block": "glass-square", "angle": 0}, {"type": "block", "pos": [1080, 205], "block": "glass-square", "angle": 0}, {"type": "block", "pos": [1030, 155], "block": "glass-square", "angle": 0}, {"type": "block", "pos": [980, 155], "block": "glass-square", "angle": 0}, {"type": "block", "pos": [930, 155], "block": "glass-square", "angle": 0}, {"type": "block", "pos": [880, 155], "block": "glass-square", "angle": 0}, {"type": "block", "pos": [830, 155], "block": "platinum-square", "angle": 0}, {"type": "block", "pos": [830, 105], "block": "platinum-tri", "angle": 0}, {"type": "block", "pos": [780, 155], "block": "platinum-tri", "angle": 0}, {"type": "block", "pos": [930, 105], "block": "platinum-square", "angle": 0}, {"type": "block", "pos": [980, 105], "block": "platinum-square", "angle": 0}, {"type": "block", "pos": [1030, 105], "block": "platinum-tri", "angle": 270}, {"type": "block", "pos": [1080, 305], "block": "wall", "angle": 180}, {"type": "block", "pos": [1080, 155], "block": "platinum-tri", "angle": 270}, {"type": "block", "pos": [930, 205], "block": "wall", "angle": 0}, {"type": "block", "pos": [980, 205], "block": "wall", "angle": 0}, {"type": "block", "pos": [1030, 205], "block": "wall", "angle": 0}, {"type": "enemy", "pos": [930, 255], "enemy": "base", "angle": 0}, {"type": "enemy", "pos": [980, 255], "enemy": "base", "angle": 0}, {"type": "enemy", "pos": [1030, 255], "enemy": "base", "angle": 0}, {"type": "block", "pos": [680, 405], "block": "wall", "angle": 0}, {"type": "block", "pos": [680, 355], "block": "wall", "angle": 0}, {"type": "block", "pos": [680, 305], "block": "wall", "angle": 0}, {"type": "block", "pos": [730, 305], "block": "platinum-square", "angle": 0}, {"type": "block", "pos": [730, 405], "block": "platinum-square", "angle": 0}, {"type": "block", "pos": [730, 355], "block": "platinum-square", "angle": 0}, {"type": "block", "pos": [730, 255], "block": "platinum-square", "angle": 0}, {"type": "block", "pos": [680, 455], "block": "triWall", "angle": 90}, {"type": "block", "pos": [1080, 455], "block": "triWall", "angle": 180}, {"type": "block", "pos": [830, 405], "block": "platinum-square", "angle": 0}, {"type": "block", "pos": [780, 405], "block": "platinum-square", "angle": 0}, {"type": "block", "pos": [1030, 545], "block": "metal-square", "angle": 0}, {"type": "block", "pos": [1030, 595], "block": "metal-square", "angle": 0}, {"type": "block", "pos": [1030, 645], "block": "metal-square", "angle": 0}, {"type": "block", "pos": [780, 545], "block": "platinum-square", "angle": 0}, {"type": "block", "pos": [780, 595], "block": "platinum-square", "angle": 0}, {"type": "block", "pos": [780, 645], "block": "platinum-square", "angle": 0}, {"type": "block", "pos": [830, 545], "block": "metal-square", "angle": 0}, {"type": "block", "pos": [830, 595], "block": "metal-square", "angle": 0}, {"type": "block", "pos": [830, 645], "block": "metal-square", "angle": 0}, {"type": "block", "pos": [980, 355], "block": "metal-square", "angle": 0}, {"type": "block", "pos": [1030, 355], "block": "metal-square", "angle": 0}, {"type": "block", "pos": [1030, 405], "block": "metal-square", "angle": 0}, {"type": "block", "pos": [1030, 455], "block": "metal-square", "angle": 0}, {"type": "block", "pos": [880, 405], "block": "platinum-square", "angle": 0}, {"type": "block", "pos": [930, 355], "block": "metal-square", "angle": 0}, {"type": "block", "pos": [880, 105], "block": "platinum-square", "angle": 0}, {"type": "block", "pos": [930, 405], "block": "platinum-square", "angle": 0}, {"type": "block", "pos": [880, 355], "block": "platinum-square", "angle": 0}, {"type": "block", "pos": [880, 305], "block": "glass-square", "angle": 0}, {"type": "block", "pos": [880, 205], "block": "tnt", "angle": 0}], "birds": ["cyan", "cyan", "cyan", "yellow"], "extraScore": 5800}, {"objects": [{"type": "block", "pos": [765, 645], "block": "metal-square", "angle": 0}, {"type": "block", "pos": [765, 595], "block": "metal-square", "angle": 0}, {"type": "block", "pos": [765, 545], "block": "metal-square", "angle": 0}, {"type": "block", "pos": [815, 545], "block": "metal-square", "angle": 0}, {"type": "block", "pos": [865, 545], "block": "metal-square", "angle": 0}, {"type": "block", "pos": [865, 595], "block": "metal-square", "angle": 0}, {"type": "block", "pos": [865, 645], "block": "metal-square", "angle": 0}, {"type": "block", "pos": [815, 345], "block": "platinum-square", "angle": 0}, {"type": "block", "pos": [815, 295], "block": "metal-square", "angle": 0}, {"type": "block", "pos": [765, 495], "block": "metal-square", "angle": 0}, {"type": "block", "pos": [765, 445], "block": "metal-square", "angle": 0}, {"type": "block", "pos": [765, 395], "block": "metal-square", "angle": 0}, {"type": "block", "pos": [765, 345], "block": "metal-square", "angle": 0}, {"type": "block", "pos": [765, 295], "block": "metal-square", "angle": 0}, {"type": "block", "pos": [865, 495], "block": "metal-square", "angle": 0}, {"type": "block", "pos": [865, 445], "block": "metal-square", "angle": 0}, {"type": "block", "pos": [865, 395], "block": "metal-square", "angle": 0}, {"type": "block", "pos": [865, 345], "block": "metal-square", "angle": 0}, {"type": "block", "pos": [865, 295], "block": "metal-square", "angle": 0}, {"type": "block", "pos": [865, 245], "block": "metal-tri", "angle": 0}, {"type": "block", "pos": [765, 245], "block": "metal-tri", "angle": 270}, {"type": "block", "pos": [915, 395], "block": "metal-square", "angle": 0}, {"type": "block", "pos": [965, 395], "block": "metal-square", "angle": 0}, {"type": "block", "pos": [1015, 395], "block": "platinum-square", "angle": 0}, {"type": "block", "pos": [1015, 445], "block": "platinum-square", "angle": 0}, {"type": "block", "pos": [1015, 495], "block": "platinum-square", "angle": 0}, {"type": "block", "pos": [1015, 545], "block": "platinum-square", "angle": 0}, {"type": "block", "pos": [1015, 595], "block": "platinum-square", "angle": 0}, {"type": "block", "pos": [1015, 645], "block": "platinum-square", "angle": 0}, {"type": "block", "pos": [1015, 345], "block": "platinum-square", "angle": 0}, {"type": "block", "pos": [1015, 295], "block": "platinum-square", "angle": 0}, {"type": "block", "pos": [1015, 245], "block": "platinum-square", "angle": 0}, {"type": "block", "pos": [1015, 195], "block": "platinum-tri", "angle": 0}, {"type": "block", "pos": [1065, 595], "block": "metal-square", "angle": 0}, {"type": "block", "pos": [1065, 545], "block": "platinum-square", "angle": 0}, {"type": "block", "pos": [1065, 495], "block": "metal-square", "angle": 0}, {"type": "block", "pos": [1065, 445], "block": "metal-square", "angle": 0}, {"type": "block", "pos": [1065, 395], "block": "glass-square", "angle": 0}, {"type": "block", "pos": [1065, 345], "block": "glass-square", "angle": 0}, {"type": "block", "pos": [1065, 245], "block": "glass-square", "angle": 0}, {"type": "block", "pos": [1065, 195], "block": "platinum-square", "angle": 0}, {"type": "block", "pos": [1115, 245], "block": "platinum-square", "angle": 0}, {"type": "block", "pos": [1115, 195], "block": "platinum-tri", "angle": 270}, {"type": "block", "pos": [1065, 295], "block": "metal-square", "angle": 0}, {"type": "block", "pos": [1115, 295], "block": "platinum-square", "angle": 0}, {"type": "block", "pos": [1115, 345], "block": "platinum-square", "angle": 0}, {"type": "block", "pos": [1115, 395], "block": "platinum-square", "angle": 0}, {"type": "block", "pos": [1115, 445], "block": "platinum-square", "angle": 0}, {"type": "block", "pos": [1115, 495], "block": "platinum-square", "angle": 0}, {"type": "block", "pos": [1115, 545], "block": "platinum-square", "angle": 0}, {"type": "block", "pos": [1115, 595], "block": "platinum-square", "angle": 0}, {"type": "block", "pos": [1115, 645], "block": "platinum-square", "angle": 0}, {"type": "block", "pos": [1265, 645], "block": "glass-square", "angle": 0}, {"type": "block", "pos": [1265, 595], "block": "glass-square", "angle": 0}, {"type": "block", "pos": [1265, 545], "block": "glass-square", "angle": 0}, {"type": "block", "pos": [1365, 645], "block": "glass-square", "angle": 0}, {"type": "block", "pos": [1365, 595], "block": "glass-square", "angle": 0}, {"type": "block", "pos": [1365, 545], "block": "glass-square", "angle": 0}, {"type": "block", "pos": [1315, 295], "block": "wall", "angle": 0}, {"type": "block", "pos": [1265, 245], "block": "glass-tri", "angle": 0}, {"type": "block", "pos": [1365, 245], "block": "glass-tri", "angle": 270}, {"type": "block", "pos": [1315, 245], "block": "glass-square", "angle": 0}, {"type": "block", "pos": [1365, 295], "block": "glass-square", "angle": 0}, {"type": "block", "pos": [1165, 395], "block": "glass-square", "angle": 0}, {"type": "block", "pos": [1215, 395], "block": "glass-square", "angle": 0}, {"type": "enemy", "pos": [1315, 545], "enemy": "base", "angle": 0}, {"type": "enemy", "pos": [815, 245], "enemy": "base", "angle": 0}, {"type": "block", "pos": [815, 395], "block": "platinum-square", "angle": 0}, {"type": "block", "pos": [815, 445], "block": "glass-square", "angle": 0}, {"type": "block", "pos": [815, 495], "block": "glass-square", "angle": 0}, {"type": "block", "pos": [1065, 645], "block": "tnt", "angle": 0}, {"type": "block", "pos": [815, 645], "block": "platinum-square", "angle": 0}, {"type": "block", "pos": [815, 595], "block": "glass-square", "angle": 0}, {"type": "block", "pos": [1315, 645], "block": "glass-square", "angle": 0}, {"type": "block", "pos": [1315, 595], "block": "glass-square", "angle": 0}, {"type": "block", "pos": [1315, 510], "block": "glass", "angle": 270}, {"type": "block", "pos": [1315, 490], "block": "glass", "angle": 270}, {"type": "block", "pos": [1315, 470], "block": "glass", "angle": 270}, {"type": "block", "pos": [1255, 470], "block": "glass", "angle": 180}, {"type": "block", "pos": [1375, 470], "block": "glass", "angle": 180}, {"type": "block", "pos": [1265, 395], "block": "glass-square", "angle": 180}, {"type": "block", "pos": [1315, 435], "block": "glass-square", "angle": 180}, {"type": "block", "pos": [1365, 395], "block": "glass-square", "angle": 180}, {"type": "enemy", "pos": [1315, 385], "enemy": "base", "angle": 0}, {"type": "block", "pos": [1265, 345], "block": "glass-square", "angle": 0}, {"type": "block", "pos": [1265, 295], "block": "glass-square", "angle": 0}, {"type": "block", "pos": [1365, 345], "block": "glass-square", "angle": 0}, {"type": "block", "pos": [940, 420], "block": "triWall", "angle": 315}, {"type": "block", "pos": [1190, 420], "block": "triWall", "angle": 315}, {"type": "enemy", "pos": [955, 340], "enemy": "robot", "angle": 0}, {"type": "enemy", "pos": [1205, 340], "enemy": "robot", "angle": 0}], "birds": ["red", "red", "cyan", "cyan", "yellow", "blue"], "extraScore": 0}, {"objects": [{"type": "block", "pos": [1290, 345], "block": "wall", "angle": 0}, {"type": "block", "pos": [1240, 345], "block": "wall", "angle": 0}, {"type": "block", "pos": [1190, 345], "block": "wall", "angle": 0}, {"type": "block", "pos": [1140, 345], "block": "wall", "angle": 0}, {"type": "block", "pos": [1140, 145], "block": "wall", "angle": 0}, {"type": "block", "pos": [1190, 145], "block": "wall", "angle": 0}, {"type": "block", "pos": [1240, 145], "block": "wall", "angle": 0}, {"type": "block", "pos": [1290, 145], "block": "wall", "angle": 0}, {"type": "block", "pos": [1140, 445], "block": "wall", "angle": 270}, {"type": "block", "pos": [1140, 545], "block": "wall", "angle": 0}, {"type": "block", "pos": [1140, 495], "block": "wall", "angle": 0}, {"type": "block", "pos": [1090, 445], "block": "wall", "angle": 0}, {"type": "block", "pos": [1040, 445], "block": "wall", "angle": 0}, {"type": "block", "pos": [1090, 145], "block": "wall", "angle": 0}, {"type": "block", "pos": [1040, 145], "block": "wall", "angle": 0}, {"type": "block", "pos": [890, 145], "block": "wall", "angle": 0}, {"type": "block", "pos": [1090, 345], "block": "wall", "angle": 0}, {"type": "block", "pos": [1040, 345], "block": "wall", "angle": 0}, {"type": "block", "pos": [990, 345], "block": "wall", "angle": 0}, {"type": "block", "pos": [890, 295], "block": "wall", "angle": 0}, {"type": "block", "pos": [890, 345], "block": "wall", "angle": 0}, {"type": "block", "pos": [940, 345], "block": "wall", "angle": 0}, {"type": "block", "pos": [990, 445], "block": "wall", "angle": 0}, {"type": "block", "pos": [940, 445], "block": "wall", "angle": 0}, {"type": "block", "pos": [890, 445], "block": "wall", "angle": 0}, {"type": "block", "pos": [790, 445], "block": "wall", "angle": 0}, {"type": "block", "pos": [840, 445], "block": "wall", "angle": 0}, {"type": "block", "pos": [790, 645], "block": "wall", "angle": 0}, {"type": "block", "pos": [790, 545], "block": "platinum-square", "angle": 0}, {"type": "block", "pos": [990, 545], "block": "wall", "angle": 0}, {"type": "block", "pos": [1040, 545], "block": "wall", "angle": 0}, {"type": "block", "pos": [1090, 545], "block": "wall", "angle": 0}, {"type": "block", "pos": [1090, 195], "block": "wall", "angle": 0}, {"type": "block", "pos": [1090, 245], "block": "wall", "angle": 0}, {"type": "block", "pos": [1090, 295], "block": "wall", "angle": 0}, {"type": "enemy", "pos": [1090, 500], "enemy": "base", "angle": 0}, {"type": "block", "pos": [790, 595], "block": "platinum-square", "angle": 0}, {"type": "block", "pos": [1140, 620], "block": "platinum", "angle": 0}, {"type": "block", "pos": [890, 395], "block": "metal-square", "angle": 0}, {"type": "block", "pos": [1390, 395], "block": "wall", "angle": 0}, {"type": "block", "pos": [1390, 445], "block": "wall", "angle": 0}, {"type": "block", "pos": [1390, 495], "block": "wall", "angle": 0}, {"type": "block", "pos": [1390, 545], "block": "wall", "angle": 0}, {"type": "block", "pos": [1390, 595], "block": "wall", "angle": 0}, {"type": "block", "pos": [1390, 645], "block": "wall", "angle": 0}, {"type": "block", "pos": [1340, 395], "block": "wall", "angle": 0}, {"type": "block", "pos": [1290, 395], "block": "triWall", "angle": 90}, {"type": "block", "pos": [990, 145], "block": "wall", "angle": 0}, {"type": "block", "pos": [940, 145], "block": "wall", "angle": 0}, {"type": "block", "pos": [890, 245], "block": "tnt", "angle": 0}, {"type": "block", "pos": [1040, 295], "block": "platinum-square", "angle": 0}, {"type": "block", "pos": [1040, 245], "block": "platinum-square", "angle": 0}, {"type": "block", "pos": [1040, 195], "block": "platinum-square", "angle": 0}, {"type": "block", "pos": [840, 245], "block": "triWall", "angle": 270}, {"type": "block", "pos": [840, 295], "block": "triWall", "angle": 90}, {"type": "block", "pos": [790, 495], "block": "platinum-square", "angle": 0}, {"type": "block", "pos": [1390, 345], "block": "wall", "angle": 0}, {"type": "block", "pos": [1340, 345], "block": "wall", "angle": 0}, {"type": "enemy", "pos": [990, 300], "enemy": "base", "angle": 0}, {"type": "enemy", "pos": [1100, 650], "enemy": "base", "angle": 0}, {"type": "block", "pos": [955, 620], "block": "glass", "angle": 0}, {"type": "block", "pos": [955, 520], "block": "glass", "angle": 0}, {"type": "block", "pos": [1340, 195], "block": "platinum-square", "angle": 0}, {"type": "block", "pos": [1340, 295], "block": "triWall", "angle": 0}, {"type": "block", "pos": [1390, 295], "block": "platinum-square", "angle": 0}, {"type": "block", "pos": [1390, 195], "block": "platinum-square", "angle": 0}, {"type": "block", "pos": [1390, 245], "block": "platinum-square", "angle": 0}, {"type": "block", "pos": [1340, 295], "block": "platinum-tri", "angle": 180}, {"type": "block", "pos": [1340, 245], "block": "platinum-square", "angle": 180}, {"type": "block", "pos": [1090, 395], "block": "wall", "angle": 0}, {"type": "block", "pos": [1140, 395], "block": "wall", "angle": 0}, {"type": "enemy", "pos": [1160, 270], "enemy": "boss", "angle": 0}, {"type": "enemy", "pos": [1240, 90], "enemy": "robot", "angle": 0}, {"type": "enemy", "pos": [1325, 640], "enemy": "robot", "angle": 0}, {"type": "enemy", "pos": [942, 295], "enemy": "armored", "angle": 0}, {"type": "enemy", "pos": [1355, 145], "enemy": "armored", "angle": 0}, {"type": "enemy", "pos": [1040, 395], "enemy": "base", "angle": 0}], "birds": ["cyan", "blue", "yellow", "blue", "cyan", "cyan", "green", "green", "green"], "extraScore": 0}], "currentLevel": 4}